{"distancia_ojos": 1.0, "distancia_ojo_boca": 2.611954486239233, "distancia_nariz_izq": 2.4595018476053827, "distancia_nariz_der": 2.7456788528429468, "distancia_cheeks": 5.13338161500711}